{
  "editor": "boris",
  "target_lufs": -17.5234681391632,
  "theta": {
    "ls_gain_db": -0.15158930679547566,
    "b0_gain_db": -0.2282338276269975,
    "b1_gain_db": -0.024921444491631917,
    "b2_gain_db": 0.024560254068820342,
    "b3_gain_db": -0.30582812513468305,
    "hs_gain_db": -0.3630449646093563,
    "comp_threshold_db": -20.5746858850425,
    "comp_ratio": 5.93782964663246,
    "comp_makeup_db": 0.0015000000043512783
  },
  "n_pairs": 5,
  "notes": "Preset from 5 pairs; target = median master LUFS (-17.5); EQ/comp = median of per-pair fits."
}